{"Original, Noised, Recon'd Images": {"_type": "image-file", "sha256": "43582e57f7fb18becc59bc26b7d3edf67fffe52c66492e9f3a91466b998566e0", "size": 48854, "path": "media/images/Original, Noised, Recon'd Images_0_43582e57f7fb18becc59.png", "format": "png", "width": 1000, "height": 1000}, "_timestamp": 1719335153.5390878, "_runtime": 185.063001871109, "_step": 8, "epoch_train_loss": 0.03930724604288116, "_wandb": {"runtime": 164}}