{"epoch_train_loss": 0.9980812648247028, "_timestamp": 1719459492.89991, "_runtime": 872.5547289848328, "_step": 23, "Original, Noised, Recon'd Images": {"_type": "image-file", "sha256": "2c18232eb09da9ab76c245dc31b62e8df56ea7d2abed743b31fa34b1928b8e5d", "size": 52472, "path": "media/images/Original, Noised, Recon'd Images_23_2c18232eb09da9ab76c2.png", "format": "png", "width": 1000, "height": 1000}, "_wandb": {"runtime": 863}}