{"epoch_train_loss": 0.04023175942711532, "_timestamp": 1719416622.207683, "_runtime": 2658.918431043625, "_step": 100, "Original, Noised, Recon'd Images": {"_type": "image-file", "sha256": "2387a33c733d544ac96b9378ad25ce2837cba9a00a080fd5a51103ece508fbf6", "size": 47467, "path": "media/images/Original, Noised, Recon'd Images_100_2387a33c733d544ac96b.png", "format": "png", "width": 1000, "height": 1000}, "_wandb": {"runtime": 3702}}