{"epoch_train_loss": 0.04364421230275184, "_timestamp": 1719334790.003428, "_runtime": 5149.480331897736, "_step": 223, "Original, Noised, Recon'd Images": {"_type": "image-file", "sha256": "a35bf4935399ccd2ea0d9f774777fdf54289240c4403cd85f214cab9a30ab24c", "size": 49226, "path": "media/images/Original, Noised, Recon'd Images_223_a35bf4935399ccd2ea0d.png", "format": "png", "width": 1000, "height": 1000}, "_wandb": {"runtime": 5318}}