{"epoch_train_loss": 0.04205081356983436, "_timestamp": 1719461077.150539, "_runtime": 496.97896003723145, "_step": 18, "_wandb": {"runtime": 575}}