{"epoch_train_loss": 0.019245675495384557, "_timestamp": 1719500747.306595, "_runtime": 5760.017322063446, "_step": 187, "Original, Noised, Recon'd Images": {"_type": "image-file", "sha256": "c79ba683b61a02310852769d0aef1d0d217412b10c2403040f03f1d8aa6fb5dc", "size": 50188, "path": "media/images/Original, Noised, Recon'd Images_187_c79ba683b61a02310852.png", "format": "png", "width": 1000, "height": 1000}, "_wandb": {"runtime": 6399}}