{"epoch_train_loss": 1.0014880011821616, "_timestamp": 1719458598.44182, "_runtime": 845.8151829242706, "_step": 11, "_wandb": {"runtime": 860}}