{"epoch_train_loss": 0.038512447206624625, "_timestamp": 1719455729.026628, "_runtime": 28061.342739105225, "_step": 500, "Original, Noised, Recon'd Images": {"_type": "image-file", "sha256": "64895a7db04b416dd0856f6559448d5b916576bbe424701cd26febe08e139d26", "size": 48536, "path": "media/images/Original, Noised, Recon'd Images_500_64895a7db04b416dd085.png", "format": "png", "width": 1000, "height": 1000}, "_wandb": {"runtime": 28773}}