{"epoch_train_loss": 0.04057199362432584, "_timestamp": 1719344473.358043, "_runtime": 8893.110966920853, "_step": 155, "Original, Noised, Recon'd Images": {"_type": "image-file", "sha256": "06ab4e3c6bace268c3f09eba86e2ea30e736d5dade6ff2322169beac3665212e", "size": 48177, "path": "media/images/Original, Noised, Recon'd Images_155_06ab4e3c6bace268c3f0.png", "format": "png", "width": 1000, "height": 1000}, "_wandb": {"runtime": 8902}}